{"w": [2.9767847298628545, 3.276784729862856, -1.4878069950796489, -1.7494458944661333, -0.8253868719816627, -2.2732131512714147, -1.3536683290442784], "b": -1.6846385627142748}